{
    "acousticness": [
        0.32583240599999996, 
        0.317302707, 
        0.23889962300000003, 
        0.24346786480000002, 
        0.19100634739999997, 
        0.28149809670000003, 
        0.27697205199999997, 
        0.263147717, 
        0.27026050000000007, 
        0.2868741686999999, 
        0.215636508, 
        0.2652073170000001, 
        0.2893149885000001, 
        0.29094293000000016, 
        0.29925623999999995, 
        0.21863647580000006, 
        0.30884240999999996, 
        0.30124284800000006, 
        0.197129403, 
        0.31956958199999996, 
        0.2650870968000001, 
        0.25964025660000006, 
        0.27357794890000003, 
        0.26886004, 
        0.2694188955000001, 
        0.2869222779999999, 
        0.32590980920000007, 
        0.2831566471, 
        0.25357610980000006, 
        0.2737538100000001, 
        0.29735028199999997, 
        0.1937475278, 
        0.2877906510000001, 
        0.31142623199999986, 
        0.38136592810000003, 
        0.274368008, 
        0.2606947692999999, 
        0.22870503829999994, 
        0.26726561000000004, 
        0.3084268620000002, 
        0.2583195189999999, 
        0.22368837199999994, 
        0.2665508793000001, 
        0.21896080040000002, 
        0.2836758309999999, 
        0.32907573900000003, 
        0.234431244, 
        0.32606352300000013, 
        0.3030621803, 
        0.24426433430000002, 
        0.3512227900000001, 
        0.22966548509999996, 
        0.3435691190000001, 
        0.242742041, 
        0.18136166199999998, 
        0.31343681199999995
    ], 
    "valence": [
        0.431807, 
        0.44872000000000006, 
        0.47598200000000007, 
        0.388523, 
        0.404386, 
        0.4940980000000001, 
        0.43280000000000024, 
        0.46272399999999997, 
        0.4607800000000001, 
        0.4687660000000002, 
        0.5194180000000003, 
        0.40126099999999987, 
        0.5092490000000001, 
        0.4901340000000002, 
        0.46934099999999984, 
        0.47284399999999993, 
        0.47127500000000005, 
        0.43110499999999974, 
        0.4076280000000001, 
        0.39285099999999995, 
        0.43823500000000015, 
        0.4933479999999997, 
        0.45770300000000036, 
        0.4586690000000001, 
        0.4912620000000002, 
        0.45229899999999995, 
        0.5183230000000001, 
        0.4287780000000001, 
        0.39733299999999994, 
        0.487113, 
        0.45926800000000007, 
        0.382564, 
        0.48103199999999996, 
        0.426385, 
        0.40087999999999985, 
        0.511232, 
        0.44836800000000027, 
        0.44217099999999987, 
        0.4724120000000002, 
        0.45894399999999974, 
        0.39639400000000014, 
        0.41945499999999997, 
        0.4301810000000001, 
        0.41995799999999994, 
        0.4286130000000001, 
        0.4290080000000001, 
        0.45930000000000015, 
        0.48203900000000016, 
        0.423, 
        0.444687, 
        0.4077449999999998, 
        0.4559329999999999, 
        0.49096700000000015, 
        0.4388090000000001, 
        0.521774, 
        0.4079919999999999
    ], 
    "instrumentalness": [
        0.06736709869999999, 
        0.05860670689999997, 
        0.053912901900000004, 
        0.10911241789999998, 
        0.12099615129999998, 
        0.0629649988, 
        0.1152660344, 
        0.10227826310000003, 
        0.02724614, 
        0.07748507750000001, 
        0.05739417570000001, 
        0.06563411600000003, 
        0.06863347569999999, 
        0.07531079450000001, 
        0.043360452199999996, 
        0.07306342499999997, 
        0.0679584923, 
        0.12777905589999994, 
        0.10287989600000001, 
        0.09332676129999998, 
        0.10794592709999998, 
        0.059710751699999995, 
        0.09897619699999996, 
        0.09715999060000001, 
        0.0870286906, 
        0.07758336680000003, 
        0.029522284300000007, 
        0.08424958100000002, 
        0.1549761993, 
        0.06681415229999998, 
        0.10829706609999996, 
        0.11392311739999997, 
        0.0739059368, 
        0.08973215669999998, 
        0.1171364741, 
        0.07421117000000002, 
        0.0727701519, 
        0.11815726169999997, 
        0.04489994780000002, 
        0.0581010639, 
        0.06727148459999997, 
        0.1049423936, 
        0.08432162149999999, 
        0.12136362939999999, 
        0.11137724680000001, 
        0.12781488109999997, 
        0.09777175010000004, 
        0.084318177, 
        0.18734459550000007, 
        0.06461350940000002, 
        0.0589225404, 
        0.06807733540000001, 
        0.0961007755, 
        0.09355269390000003, 
        0.0905571825, 
        0.1285622984
    ], 
    "loudness": [
        -8.358829999999998, 
        -7.590030000000001, 
        -6.986949999999999, 
        -7.125019999999999, 
        -6.9582500000000005, 
        -6.805830000000001, 
        -7.90378, 
        -7.3737, 
        -6.998380000000003, 
        -7.5812599999999986, 
        -7.555639999999995, 
        -7.459749999999999, 
        -7.141279999999998, 
        -7.787990000000001, 
        -7.367190000000001, 
        -8.165950000000002, 
        -7.242580000000001, 
        -8.091360000000002, 
        -6.761649999999999, 
        -7.478180000000002, 
        -8.29358, 
        -7.132269999999998, 
        -7.617320000000002, 
        -7.416279999999998, 
        -7.984930000000003, 
        -6.87763, 
        -7.2221600000000015, 
        -7.069349999999998, 
        -7.841689999999996, 
        -7.637099999999996, 
        -7.9651, 
        -7.500250000000002, 
        -7.921150000000003, 
        -7.742470000000003, 
        -7.799350000000001, 
        -8.100860000000004, 
        -7.152100000000001, 
        -7.0540699999999985, 
        -7.124159999999998, 
        -7.54299, 
        -7.2958799999999995, 
        -6.97521, 
        -7.128400000000002, 
        -7.17861, 
        -7.699460000000003, 
        -8.05602, 
        -7.456310000000002, 
        -7.775659999999999, 
        -7.87527, 
        -7.295069999999997, 
        -7.355470000000002, 
        -6.979829999999997, 
        -7.853549999999997, 
        -7.411659999999997, 
        -6.085339999999999, 
        -7.45185
    ], 
    "energy": [
        0.5978720000000003, 
        0.6056850000000003, 
        0.6597200000000001, 
        0.6600199999999999, 
        0.6721400000000002, 
        0.66954, 
        0.6120399999999999, 
        0.6482700000000001, 
        0.6273599999999998, 
        0.630649, 
        0.64753, 
        0.6504340000000001, 
        0.6354120000000002, 
        0.6209910300000001, 
        0.592063, 
        0.6492199999999998, 
        0.6309899999999997, 
        0.6103100000000001, 
        0.7004999999999996, 
        0.6112040000000001, 
        0.5872299999999999, 
        0.6626579999999999, 
        0.66811, 
        0.63383103, 
        0.6236900000000001, 
        0.6285300000000003, 
        0.6234179999999998, 
        0.638312, 
        0.6565360000000001, 
        0.650436, 
        0.618848, 
        0.669713, 
        0.5848899999999999, 
        0.5949000000000001, 
        0.5510280000000002, 
        0.6207010000000002, 
        0.6461700000000001, 
        0.6782100000000001, 
        0.6453749999999999, 
        0.622338, 
        0.6130769999999999, 
        0.689148, 
        0.639319, 
        0.6642830000000001, 
        0.6149499999999999, 
        0.6055599999999999, 
        0.6235990000000001, 
        0.6190910299999998, 
        0.6059899999999998, 
        0.64094, 
        0.573071, 
        0.6767880000000001, 
        0.59951, 
        0.6389679000000004, 
        0.7459128999999998, 
        0.5921700000000001
    ],